{"name":"Alpenpässe-Weg Etappe 16_ Binn – Rosswa….gpx","description":"","distance":17.5,"elevation_gain":1335,"elevation_loss":909,"bounds":{"southWest":[46.304216518998146,8.041244941297919],"northEast":[46.36412468831986,8.182834961917251]}}