{"name":"Vier-Quellen-Weg Route_ Andermatt, Ober….gpx","description":"","distance":81.8,"elevation_gain":4659,"elevation_loss":4428,"bounds":{"southWest":[46.46982637653127,8.31758902175352],"northEast":[46.65995791135356,8.687819534447044]}}