{"name":"ViaJacobi Etappe 11_ Spiez – Wattenwil.gpx","description":"","distance":22.7,"elevation_gain":557,"elevation_loss":521,"bounds":{"southWest":[46.68881131801754,7.509750478435308],"northEast":[46.77034424664453,7.688462027348578]}}