{"name":"Lugano-Morcote.gpx","description":"","distance":14,"elevation_gain":942,"elevation_loss":966,"bounds":{"southWest":[45.922624161466956,8.912735218182206],"northEast":[45.99016754887998,8.952788058668375]}}