{"name":"Alpenpässe-Weg Etappe 15_ Rif. Margarol….gpx","description":"","distance":20.1,"elevation_gain":881,"elevation_loss":1667,"bounds":{"southWest":[46.36325987195596,8.182561088353395],"northEast":[46.38626458356157,8.364830234088004]}}