{"name":"Wolhusen-Luzern.gpx","description":"","distance":24.4,"elevation_gain":566,"elevation_loss":703,"bounds":{"southWest":[47.03486926853657,8.080110736191273],"northEast":[47.05713780596852,8.310485500842333]}}