{"name":"Hörnlihütte.gpx","description":"","distance":12.2,"elevation_gain":1082,"elevation_loss":751,"bounds":{"southWest":[45.97027055779472,7.676950502675027],"northEast":[45.99114049645141,7.722050452139229]}}