{"name":"Brione-Lavertezzo.gpx","description":"","distance":6.3,"elevation_gain":126,"elevation_loss":332,"bounds":{"southWest":[46.258400111459196,8.792370141949505],"northEast":[46.29476015176624,8.838780105579644]}}