{"name":"Alpenpässe-Weg Etappe 25_ Cab. des Becs….gpx","description":"","distance":11.1,"elevation_gain":95,"elevation_loss":1704,"bounds":{"southWest":[46.11288249306381,7.482190040871501],"northEast":[46.164075101260096,7.520759895909578]}}