{"name":"Alpenpässe-Weg Etappe 7_ Turra – Güner ….gpx","description":"","distance":23.3,"elevation_gain":1026,"elevation_loss":1900,"bounds":{"southWest":[46.624874962028116,9.199570165015757],"northEast":[46.72091017337516,9.293944501783699]}}