{"name":"Alpenpässe-Weg Etappe 10_ Cap. Scaletta….gpx","description":"","distance":14.7,"elevation_gain":765,"elevation_loss":1100,"bounds":{"southWest":[46.55645931093022,8.88843623129651],"northEast":[46.61044283723459,8.942911589052528]}}