{"name":"Britania.gpx","description":"","distance":3.2,"elevation_gain":278,"elevation_loss":238,"bounds":{"southWest":[46.05995058361441,7.915340478997678],"northEast":[46.06910056434572,7.9366604699753225]}}