{"name":"Neuhus-Rapperswil.gpx","description":"","distance":13.3,"elevation_gain":249,"elevation_loss":345,"bounds":{"southWest":[47.22501936368644,8.811615100130439],"northEast":[47.24272278137505,8.946304488927126]}}