{"name":"Alpenpässe-Weg Etappe 14_ Cap. Corno-Gr….gpx","description":"","distance":16.2,"elevation_gain":1161,"elevation_loss":1310,"bounds":{"southWest":[46.38551477668807,8.362227886915207],"northEast":[46.46702430397272,8.410086508840322]}}