{"name":"Grächen-StNiklaus.gpx","description":"","distance":5,"elevation_gain":55,"elevation_loss":581,"bounds":{"southWest":[46.17618021927774,7.801630181726068],"northEast":[46.19512032205239,7.841020264197141]}}