{"name":"Monte Moro.gpx","description":"","distance":7.3,"elevation_gain":721,"elevation_loss":105,"bounds":{"southWest":[45.997448632027954,7.953560360707343],"northEast":[46.04804042633623,7.981350460089743]}}