{"name":"Brienz.gpx","description":"","distance":23,"elevation_gain":716,"elevation_loss":714,"bounds":{"southWest":[46.68354691006243,7.850132351741195],"northEast":[46.76006295718253,8.049757098779082]}}