{"name":"Alpenpässe-Weg Etappe 17_ Rosswald – Si….gpx","description":"","distance":19.1,"elevation_gain":1110,"elevation_loss":938,"bounds":{"southWest":[46.246912244707346,8.028056817129254],"northEast":[46.30922880070284,8.095631279982626]}}