{"name":"hengst.gpx","description":"","distance":14.8,"elevation_gain":1319,"elevation_loss":1313,"bounds":{"southWest":[46.80156023055315,7.932670216541737],"northEast":[46.830330427736044,7.972730207722634]}}