{"name":"Poschiavo.gpx","description":"","distance":9.7,"elevation_gain":46,"elevation_loss":1113,"bounds":{"southWest":[46.32642020331696,10.027400402817875],"northEast":[46.37513040751219,10.056950222700834]}}