{"name":"Cabane du Petit Mountet.gpx","description":"","distance":13.9,"elevation_gain":473,"elevation_loss":1240,"bounds":{"southWest":[46.09163041599095,7.6014003730379045],"northEast":[46.14511047536507,7.635390314273536]}}