{"name":"Alpenpässeweg mit Leanna.gpx","description":"","distance":24.3,"elevation_gain":1165,"elevation_loss":1579,"bounds":{"southWest":[46.52733036270365,8.662760385777801],"northEast":[46.571500518359244,8.772260406985879]}}