{"name":"Neuenburg.gpx","description":"","distance":8,"elevation_gain":32,"elevation_loss":686,"bounds":{"southWest":[46.99057009862736,6.930950075387955],"northEast":[47.02679023658857,6.958410152699798]}}