{"name":"Cabane des Bosson.gpx","description":"","distance":7.7,"elevation_gain":986,"elevation_loss":167,"bounds":{"southWest":[46.15464053908363,7.512660444248468],"northEast":[46.18092041881755,7.558150325436145]}}