{"name":"375 Hochmoor Tour.gpx","description":"","distance":15,"elevation_gain":951,"elevation_loss":1183,"bounds":{"southWest":[46.697079576551914,8.128299303352833],"northEast":[46.72387124039233,8.182359728962183]}}