{"name":"Kreuzboden.gpx","description":"","distance":4.6,"elevation_gain":71,"elevation_loss":722,"bounds":{"southWest":[46.09205047599971,7.898230391088873],"northEast":[46.1084603513591,7.928690291475505]}}