{"name":"StGallen-Waldstatt.gpx","description":"","distance":15.8,"elevation_gain":561,"elevation_loss":410,"bounds":{"southWest":[47.35630729235709,9.271075325086713],"northEast":[47.422555508092046,9.369555143639445]}}