{"name":"ViaJacobi Etappe 17_ Lausanne – Rolle.gpx","description":"","distance":31.8,"elevation_gain":287,"elevation_loss":430,"bounds":{"southWest":[46.457737610675395,6.339926211163402],"northEast":[46.52251476002857,6.634344867430627]}}