{"name":"Frutigen Hängebrücke.gpx","description":"","distance":9.1,"elevation_gain":232,"elevation_loss":232,"bounds":{"southWest":[46.5588901899755,7.616860146168619],"northEast":[46.58710016589612,7.649390127044171]}}