{"name":"Val Bavona.gpx","description":"","distance":12.8,"elevation_gain":398,"elevation_loss":880,"bounds":{"southWest":[46.344660095870495,8.525310170371085],"northEast":[46.408420192077756,8.607160088140517]}}