{"name":"Alpthal-Brunnen.gpx","description":"","distance":17.4,"elevation_gain":616,"elevation_loss":1172,"bounds":{"southWest":[46.99355402961373,8.60534735955298],"northEast":[47.07094422541559,8.716583764180541]}}