{"name":"Cabane de la Neuve.gpx","description":"","distance":5.1,"elevation_gain":1165,"elevation_loss":22,"bounds":{"southWest":[45.93405030854046,7.064350373111665],"northEast":[45.94973052525893,7.094970226287842]}}