{"name":"Alpenpässe-Weg Etappe 5_ Ausserferrera ….gpx","description":"","distance":12.3,"elevation_gain":1074,"elevation_loss":897,"bounds":{"southWest":[46.5542732430622,9.322633930016309],"northEast":[46.56545755453408,9.439598666969687]}}