{"name":"ViaJacobi Etappe 13_ Schwarzenburg – Fr….gpx","description":"","distance":20.4,"elevation_gain":395,"elevation_loss":563,"bounds":{"southWest":[46.803134489804506,7.151296538300812],"northEast":[46.82783176237717,7.3428062233142555]}}