{"name":"Rorschach_St.Gallen.gpx","description":"","distance":18.1,"elevation_gain":640,"elevation_loss":363,"bounds":{"southWest":[47.422238253057,9.368781326338649],"northEast":[47.47812836430967,9.4924430642277]}}