{"name":"Alpenpässe-Weg Etappe 4_ Savognin – Rad.gpx","description":"","distance":32.8,"elevation_gain":2122,"elevation_loss":2137,"bounds":{"southWest":[46.54496446624398,9.438430261332542],"northEast":[46.56333037139848,9.558640365488827]}}