{"name":"Willisau-Huttwil.gpx","description":"","distance":17,"elevation_gain":551,"elevation_loss":499,"bounds":{"southWest":[47.109220856800675,7.842578161507845],"northEast":[47.12852823548019,7.990223877131939]}}