{"name":"Gordevio.gpx","description":"","distance":10.8,"elevation_gain":778,"elevation_loss":733,"bounds":{"southWest":[46.18590005673468,8.72813011193648],"northEast":[46.223570068366826,8.755620053969324]}}