{"name":"ViaJacobi Etappe 14_ Fribourg – Romont ….gpx","description":"","distance":27.5,"elevation_gain":615,"elevation_loss":461,"bounds":{"southWest":[46.695153277833015,6.917975550983101],"northEast":[46.80317953322083,7.151322497520596]}}