{"name":"Thun_Gunten.gpx","description":"","distance":10.4,"elevation_gain":243,"elevation_loss":247,"bounds":{"southWest":[46.71245014294982,7.629296109080315],"northEast":[46.75866619683802,7.7019386272877455]}}