{"name":"Fenetre de Ferret.gpx","description":"","distance":10.9,"elevation_gain":414,"elevation_loss":1177,"bounds":{"southWest":[45.86763046728447,7.104700241237879],"northEast":[45.916620328556746,7.171540350653231]}}