{"name":"319 Leiternweide-Hängebrückenweg.gpx","description":"","distance":6.1,"elevation_gain":370,"elevation_loss":315,"bounds":{"southWest":[46.65634045203819,7.435776380668902],"northEast":[46.67330354543512,7.475467973126651]}}