{"name":"Via Berna 2.gpx","description":"","distance":194.2,"elevation_gain":8272,"elevation_loss":7548,"bounds":{"southWest":[46.38362034782767,7.266880152747035],"northEast":[47.23254248453304,7.873700676020235]}}