{"name":"Moosseedorf.gpx","description":"","distance":14.6,"elevation_gain":192,"elevation_loss":173,"bounds":{"southWest":[46.95331011200324,7.441420081071556],"northEast":[47.02827011793852,7.4838000875897706]}}