{"name":"ViaJacobi Etappe 15_ Romont (FR) – Moud….gpx","description":"","distance":14.7,"elevation_gain":173,"elevation_loss":441,"bounds":{"southWest":[46.66699729533866,6.801450016908348],"northEast":[46.70102500356734,6.91831806441769]}}