{"name":"Les Marecottes.gpx","description":"","distance":7.9,"elevation_gain":184,"elevation_loss":474,"bounds":{"southWest":[46.08214024454355,6.974250174127519],"northEast":[46.12162018800154,7.021330134011805]}}