{"name":"ViaJacobi Etappe 19_ Coppet – Genève.gpx","description":"","distance":17.3,"elevation_gain":197,"elevation_loss":233,"bounds":{"southWest":[46.20691772410646,6.138881847728044],"northEast":[46.320133961737156,6.18007278861478]}}