{"name":"Alpenpässe-Weg Etappe 11_ Cap. Bovarina….gpx","description":"","distance":16,"elevation_gain":1315,"elevation_loss":979,"bounds":{"southWest":[46.53813025448471,8.759250410832465],"northEast":[46.56343038799241,8.888436240144074]}}