{"name":"Trans Swiss Trail Etappe 7_ Neuchâtel –….gpx","description":"","distance":25.6,"elevation_gain":329,"elevation_loss":312,"bounds":{"southWest":[46.92565435403958,6.933060726616532],"northEast":[46.990975770168006,7.135195630602539]}}