{"name":"Refuge de Chesery.gpx","description":"","distance":10,"elevation_gain":451,"elevation_loss":717,"bounds":{"southWest":[46.17488038400188,6.813300267327577],"northEast":[46.197110392618924,6.845500263385475]}}