{"name":"Laupen-Bern.gpx","description":"","distance":25.1,"elevation_gain":503,"elevation_loss":447,"bounds":{"southWest":[46.883328817784786,7.240241440013051],"northEast":[46.94899323396385,7.4375843815505505]}}