{"name":"Süderen- Burgistein.gpx","description":"","distance":27.2,"elevation_gain":450,"elevation_loss":800,"bounds":{"southWest":[46.78967012418434,7.520620092283934],"northEast":[46.818030196707696,7.753760150168091]}}