{"name":"Lämmerenhütte.gpx","description":"","distance":10.1,"elevation_gain":471,"elevation_loss":480,"bounds":{"southWest":[46.39514045976102,7.574180384166539],"northEast":[46.403580443933606,7.616040362045169]}}