{"name":"Alpenpässe-Weg Etappe 2_ Jenatschhütte.gpx","description":"","distance":13.6,"elevation_gain":766,"elevation_loss":1438,"bounds":{"southWest":[46.48839533794671,9.652452436741441],"northEast":[46.52990122279152,9.724153531249613]}}