{"name":"Ovronnaz.gpx","description":"","distance":8.1,"elevation_gain":405,"elevation_loss":962,"bounds":{"southWest":[46.17753042234108,7.136840285267681],"northEast":[46.2045602761209,7.161470216233283]}}