{"name":"Etappe3.gpx","description":"","distance":16.8,"elevation_gain":884,"elevation_loss":413,"bounds":{"southWest":[47.23176771774888,6.984894219785929],"northEast":[47.310059387236834,7.045904835686088]}}