{"name":"Giswil.gpx","description":"","distance":24.8,"elevation_gain":1051,"elevation_loss":967,"bounds":{"southWest":[46.747722616419196,8.048474080860615],"northEast":[46.83676701039076,8.186316741630435]}}