{"name":"Alpenpässe-Weg Etappe 20_ Saas Fee – Gr….gpx","description":"","distance":20.3,"elevation_gain":1259,"elevation_loss":1441,"bounds":{"southWest":[46.10880897147581,7.838600680232048],"northEast":[46.20795040857047,7.932869077194482]}}