{"name":"Preda Bergün.gpx","description":"","distance":7.1,"elevation_gain":116,"elevation_loss":530,"bounds":{"southWest":[46.5886703603901,9.745420286431909],"northEast":[46.630550279747695,9.776350373402238]}}