{"name":"Rigi-Goldau.gpx","description":"","distance":10.1,"elevation_gain":43,"elevation_loss":1282,"bounds":{"southWest":[47.03813025401905,8.47232027631253],"northEast":[47.055660374928266,8.550040097907186]}}