{"name":"Wertenstein_Willisau.gpx","description":"","distance":16.6,"elevation_gain":473,"elevation_loss":426,"bounds":{"southWest":[47.05611747689545,7.988240970298648],"northEast":[47.12271362543106,8.102312134578824]}}