{"name":"Cabane de Prafleuri.gpx","description":"","distance":8.7,"elevation_gain":641,"elevation_loss":631,"bounds":{"southWest":[46.063070497475564,7.377390387002379],"northEast":[46.084570452105254,7.3989003514871]}}