{"name":"Alpenpässe-Weg Etappe 9_ Vrin – Cap. Sc….gpx","description":"","distance":18.7,"elevation_gain":1562,"elevation_loss":807,"bounds":{"southWest":[46.60764906089753,8.940222758799791],"northEast":[46.65487524122,9.098518101498485]}}