{"name":"Trans Swiss Trail Etappe 14_ Eggiwil – ….gpx","description":"","distance":13.1,"elevation_gain":800,"elevation_loss":609,"bounds":{"southWest":[46.827508848160505,7.79517932003364],"northEast":[46.87661198480055,7.870317104738206]}}