{"name":"Eriz.gpx","description":"","distance":4.5,"elevation_gain":63,"elevation_loss":102,"bounds":{"southWest":[46.78497020341456,7.777380160987377],"northEast":[46.78843021253124,7.826010171324015]}}