{"name":"Chnübeli.gpx","description":"","distance":9.5,"elevation_gain":480,"elevation_loss":566,"bounds":{"southWest":[46.78833021316677,7.7534801522269845],"northEast":[46.8180001960136,7.794610198121518]}}