{"name":"Alpenpässe-Weg Etappe 18_ Simplon Hospi….gpx","description":"","distance":23.4,"elevation_gain":1009,"elevation_loss":1115,"bounds":{"southWest":[46.207651637494564,7.901936325710267],"northEast":[46.25484221475199,8.02902992721647]}}