{"name":"Alpenpässe-Weg Etappe 24_ Grimentz – Ca….gpx","description":"","distance":9.6,"elevation_gain":1488,"elevation_loss":94,"bounds":{"southWest":[46.154642888810486,7.516340834554285],"northEast":[46.18148661730811,7.573943969793618]}}