{"name":"Morigins.gpx","description":"","distance":5.7,"elevation_gain":36,"elevation_loss":356,"bounds":{"southWest":[46.20513032563031,6.8173102186992764],"northEast":[46.23712026420981,6.856530181132257]}}