{"name":"Burst.gpx","description":"","distance":7.3,"elevation_gain":639,"elevation_loss":641,"bounds":{"southWest":[46.74865314271301,7.789415140170604],"northEast":[46.76325883856043,7.8079232051968575]}}