{"name":"ViaJacobi Etappe 18_ Rolle – Coppet.gpx","description":"","distance":28.7,"elevation_gain":393,"elevation_loss":347,"bounds":{"southWest":[46.320133961737156,6.179790586233139],"northEast":[46.457737610675395,6.339926211163402]}}