{"name":"Worb-Hasle.gpx","description":"","distance":19.8,"elevation_gain":683,"elevation_loss":698,"bounds":{"southWest":[46.92627307958901,7.563222907483578],"northEast":[47.01675882562995,7.655636994168162]}}