{"name":"Belinzona-Isone.gpx","description":"","distance":14.6,"elevation_gain":905,"elevation_loss":396,"bounds":{"southWest":[46.12870842218399,8.984163533896208],"northEast":[46.1996010504663,9.029209055006504]}}