{"name":"Alpenpässe-Weg Etappe 8 Vrin-Lumenzia .gpx","description":"","distance":12.2,"elevation_gain":202,"elevation_loss":720,"bounds":{"southWest":[46.653980295639485,9.09865028038621],"northEast":[46.70251018507406,9.183530185837299]}}