{"name":"Corno Gries.gpx","description":"","distance":2.1,"elevation_gain":329,"elevation_loss":23,"bounds":{"southWest":[46.46701046777889,8.410030406434089],"northEast":[46.47596040926874,8.425580354873091]}}