{"name":"Beatenberg.gpx","description":"","distance":7.9,"elevation_gain":76,"elevation_loss":900,"bounds":{"southWest":[46.68967023817822,7.7651701821014285],"northEast":[46.7180603868328,7.802440276835114]}}