{"name":"allalinhorn.gpx","description":"","distance":6,"elevation_gain":659,"elevation_loss":686,"bounds":{"southWest":[46.045487774536014,7.88855298422277],"northEast":[46.0575108602643,7.904810020700097]}}