{"name":"Thun-Zwiselberg.gpx","description":"","distance":10.2,"elevation_gain":125,"elevation_loss":32,"bounds":{"southWest":[46.70831014076248,7.588760095182806],"northEast":[46.75703012244776,7.630410092882812]}}