{"name":"Oberalp Andermatt.gpx","description":"","distance":8.2,"elevation_gain":71,"elevation_loss":675,"bounds":{"southWest":[46.63401029724628,8.593250260222703],"northEast":[46.66160041466355,8.671180369798094]}}