{"name":"Adelboden.gpx","description":"","distance":4.8,"elevation_gain":319,"elevation_loss":65,"bounds":{"southWest":[46.49355027638376,7.560310210101306],"northEast":[46.521240225061774,7.589240171946585]}}