{"name":"Alpenpässe-Weg Etappe 3_ Sur GR, Alp Fl.gpx","description":"","distance":19.9,"elevation_gain":928,"elevation_loss":1732,"bounds":{"southWest":[46.521725352387875,9.59531053993851],"northEast":[46.603897992521524,9.68859773920849]}}