{"name":"Isone_Lugano.gpx","description":"","distance":24.7,"elevation_gain":908,"elevation_loss":1355,"bounds":{"southWest":[45.990141900256276,8.943704422563314],"northEast":[46.128226798027754,8.988838624209166]}}