{"name":"Trans Swiss Trail Etappe 8_ Murten – La….gpx","description":"","distance":14.8,"elevation_gain":279,"elevation_loss":237,"bounds":{"southWest":[46.897122701629996,7.115360331255943],"northEast":[46.926034808624536,7.239869165699929]}}