{"name":"Val Roseg.gpx","description":"","distance":7.5,"elevation_gain":281,"elevation_loss":48,"bounds":{"southWest":[46.43568039685488,9.86534042051062],"northEast":[46.49100035382435,9.89966037683189]}}