{"name":"Muottas Muragl.gpx","description":"","distance":8.3,"elevation_gain":55,"elevation_loss":736,"bounds":{"southWest":[46.49025035370141,9.89671037485823],"northEast":[46.52179048769176,9.917760498821735]}}