{"name":"Laucherenalp.gpx","description":"","distance":9.5,"elevation_gain":322,"elevation_loss":501,"bounds":{"southWest":[46.410640391055495,7.774370309431106],"northEast":[46.43657037476078,7.861250285524875]}}