{"name":"Giswil.gpx","description":"","distance":22,"elevation_gain":751,"elevation_loss":687,"bounds":{"southWest":[46.83674991130829,8.186194282025099],"northEast":[46.93498338572681,8.308624299243093]}}