{"name":"ViaJacobi Etappe 12_ Wattenwil – Schwar….gpx","description":"","distance":21.1,"elevation_gain":705,"elevation_loss":508,"bounds":{"southWest":[46.769994443748146,7.3428062233142555],"northEast":[46.82244038581848,7.509750478435308]}}