{"name":"Alpenpässe-Weg Etappe 6_ Splügen – Safi….gpx","description":"","distance":11.4,"elevation_gain":525,"elevation_loss":849,"bounds":{"southWest":[46.56694040633738,9.263129410333931],"northEast":[46.62487034453079,9.303400396369398]}}