{"name":"Cabane da la Tsa.gpx","description":"","distance":9.5,"elevation_gain":865,"elevation_loss":876,"bounds":{"southWest":[46.017400385346264,7.480860303621739],"northEast":[46.03777037654072,7.505930386949331]}}