{"name":"Bäderhorn.gpx","description":"","distance":9.8,"elevation_gain":594,"elevation_loss":595,"bounds":{"southWest":[46.59142031054944,7.319140259642154],"northEast":[46.61325041251257,7.343010228592902]}}