{"name":"Schwarzsee.gpx","description":"","distance":9.5,"elevation_gain":1031,"elevation_loss":54,"bounds":{"southWest":[45.991370496340096,7.6960703250952065],"northEast":[46.023840312380344,7.748260254971683]}}