{"name":"AndermattAirolo.gpx","description":"","distance":20.8,"elevation_gain":1414,"elevation_loss":1697,"bounds":{"southWest":[46.52778558433056,8.558233268558979],"northEast":[46.6371441911906,8.608846385031939]}}