{"name":"Etappe2.gpx","description":"","distance":18.6,"elevation_gain":416,"elevation_loss":434,"bounds":{"southWest":[47.30492605827749,7.0458936877548695],"northEast":[47.367931650951505,7.171095851808786]}}