{"name":"Muri_Worb.gpx","description":"","distance":10.7,"elevation_gain":272,"elevation_loss":244,"bounds":{"southWest":[46.909329146146774,7.486016945913434],"northEast":[46.93160363472998,7.563911313191056]}}