{"name":"Gunten_Merligen.gpx","description":"","distance":4.5,"elevation_gain":245,"elevation_loss":244,"bounds":{"southWest":[46.696352111175656,7.70225546322763],"northEast":[46.7136391159147,7.739671608433127]}}