{"name":"Trans Swiss Trail Etappe 16_ Sörenberg ….gpx","description":"","distance":18.5,"elevation_gain":701,"elevation_loss":1370,"bounds":{"southWest":[46.809810566250235,8.034536714665592],"northEast":[46.836749685928226,8.18618762632832]}}