{"name":"Bella Tola.gpx","description":"","distance":11.7,"elevation_gain":952,"elevation_loss":840,"bounds":{"southWest":[46.229150430765,7.609850336797535],"northEast":[46.24422058928758,7.657040434889495]}}