{"name":"Saas Almagell Höhenweg.gpx","description":"","distance":10.9,"elevation_gain":299,"elevation_loss":1024,"bounds":{"southWest":[46.090440372005105,7.957740274257958],"northEast":[46.1386504676193,7.980900356080383]}}