{"name":"Segnas.gpx","description":"","distance":8.9,"elevation_gain":170,"elevation_loss":1180,"bounds":{"southWest":[46.83212023694068,9.239680411759764],"northEast":[46.870800415053964,9.281790219247341]}}