{"name":"Bever.gpx","description":"","distance":3.8,"elevation_gain":60,"elevation_loss":156,"bounds":{"southWest":[46.54910034313798,9.847210379783064],"northEast":[46.560460364911705,9.88707036152482]}}