{"name":"Haute-Nendaz.gpx","description":"","distance":13.4,"elevation_gain":402,"elevation_loss":402,"bounds":{"southWest":[46.14715989260003,7.283688974101096],"northEast":[46.18310655420646,7.318292098119855]}}