{"name":"Trans Swiss Trail Etappe 15_ Schangnau ….gpx","description":"","distance":19.3,"elevation_gain":851,"elevation_loss":624,"bounds":{"southWest":[46.80155516741797,7.857560519594699],"northEast":[46.82766307424754,8.034536714665592]}}