{"name":"Alpenpässe-Weg Etappe 1_ St. Moritz, Co.gpx","description":"","distance":11.2,"elevation_gain":984,"elevation_loss":825,"bounds":{"southWest":[46.506691492162645,9.720193872228265],"northEast":[46.52990122279152,9.818906573113054]}}