{"name":"Maloja Pass.gpx","description":"","distance":4.7,"elevation_gain":113,"elevation_loss":466,"bounds":{"southWest":[46.38967028958723,9.662790303584188],"northEast":[46.402640358079225,9.695600372739136]}}