{"name":"ViaBerna Route_ Bellelay – Sustenpass.gpx","description":"","distance":303.8,"elevation_gain":13659,"elevation_loss":12378,"bounds":{"southWest":[46.60769734205678,6.9764005821198225],"northEast":[47.26226995466277,8.446761169936508]}}