{"name":"04_Interlaken_Merligen.gpx","description":"","distance":14,"elevation_gain":447,"elevation_loss":444,"bounds":{"southWest":[46.669284012168646,7.737196180969477],"northEast":[46.697094328701496,7.8516939003020525]}}