{"name":"314 Hundsrügg-Panoramaweg.gpx","description":"","distance":14.9,"elevation_gain":789,"elevation_loss":789,"bounds":{"southWest":[46.545611191683484,7.292368889007738],"northEast":[46.57257442002534,7.33882651923527]}}