{"name":"ViaJacobi Etappe 16_ Moudon – Lausanne.gpx","description":"","distance":29.8,"elevation_gain":754,"elevation_loss":747,"bounds":{"southWest":[46.52251476002857,6.634344867430627],"northEast":[46.66954226791859,6.801450016908348]}}