{"name":"Niederhorn.gpx","description":"","distance":16.6,"elevation_gain":535,"elevation_loss":1424,"bounds":{"southWest":[46.710090400185436,7.77310031093657],"northEast":[46.78544022142887,7.85637025302276]}}