{"name":"Alpenpässe-Weg Etappe 19_ Gspon – Saas ….gpx","description":"","distance":17.4,"elevation_gain":899,"elevation_loss":988,"bounds":{"southWest":[46.10816922271624,7.902188553009182],"northEast":[46.225174718070775,7.940307106357068]}}