{"name":"Davoser See.gpx","description":"","distance":4.3,"elevation_gain":41,"elevation_loss":40,"bounds":{"southWest":[46.81351032201201,9.845310330856591],"northEast":[46.82513032248244,9.860290333162993]}}