{"name":"Muotta.gpx","description":"","distance":8.8,"elevation_gain":381,"elevation_loss":381,"bounds":{"southWest":[46.40265035815537,9.693660377524793],"northEast":[46.4349803570658,9.763030375819653]}}