{"name":"Habkeren.gpx","description":"","distance":10.9,"elevation_gain":382,"elevation_loss":1215,"bounds":{"southWest":[46.710800401866436,7.774770311079919],"northEast":[46.74533036630601,7.8636001837439835]}}