{"name":"Schafloch.gpx","description":"","distance":10.7,"elevation_gain":728,"elevation_loss":730,"bounds":{"southWest":[46.71751230955124,7.74735395796597],"northEast":[46.7371609993279,7.772349715232849]}}