{"name":"Hohgant.gpx","description":"","distance":16.8,"elevation_gain":1439,"elevation_loss":1444,"bounds":{"southWest":[46.76212029485032,7.834560192655772],"northEast":[46.78815040830523,7.893155083525926]}}